"BusStopID","Longitude","Latitude","BusStopName"
"1","Stop_1",8.776069,50.8007041,"node/20111061"
"2","Stop_5",8.7686596,50.8070239,"node/20111252"
"3","Stop_6",8.7500458,50.7703835,"Gisselberg"
"4","Stop_7",8.7503581,50.7722708,"node/30107292"
"5","Stop_8",8.750226,50.7725554,"node/30107293"
"6","Stop_9",8.7502862,50.7753308,"Gisselberg"
"7","Stop_15",8.7645078,50.7967957,"node/60741877"
"8","Stop_16",8.7659655,50.7965239,"node/60741878"
"9","Stop_18",8.7645162,50.8074677,"node/60783136"
"10","Stop_19",8.7638733,50.7964721,"node/62473807"
"11","Stop_20",8.7720194,50.8399696,"node/65777627"
"12","Stop_21",8.7733682,50.8091556,"node/73872559"
"13","Stop_22",8.7757973,50.8133349,"node/73872582"
"14","Stop_23",8.7766984,50.8069275,"node/81567075"
"15","Stop_24",8.7715617,50.8110369,"node/92149563"
"16","Stop_25",8.7717237,50.8060496,"Schulstraße"
"17","Stop_26",8.7747186,50.8281414,"node/114666891"
"18","Stop_29",8.7767733,50.8077947,"node/128192216"
"19","Stop_31",8.7777007,50.8048259,"Marburg Mitte"
"20","Stop_34",8.7787503,50.7855003,"node/178811063"
"21","Stop_35",8.7830881,50.8141247,"node/180556151"
"22","Stop_37",8.6962245,50.7817017,"Haddamshausen"
"23","Stop_38",8.7048392,50.7782143,"Steinborn"
"24","Stop_39",8.7075253,50.7774167,"Haddamshausen"
"25","Stop_46",8.7723581,50.8094052,"node/267991757"
"26","Stop_49",8.7711778,50.820541,"Marburg-Bahnhofstraße"
"27","Stop_51",8.7343862,50.8112698,"Sellhof"
"28","Stop_54",8.7811905,50.8056885,"node/277775251"
"29","Stop_55",8.7831604,50.8056346,"node/277776981"
"30","Stop_56",8.7741948,50.8189919,"node/279034185"
"31","Stop_57",8.7739666,50.8190045,"Hauptbahnhof, B2"
"32","Stop_59",8.7781187,50.8072053,"node/299983623"
"33","Stop_60",8.7765476,50.807522,"node/300291275"
"34","Stop_61",8.7685603,50.8070085,"node/300444854"
"35","Stop_62",8.7690467,50.8146237,"node/305724796"
"36","Stop_63",8.7692498,50.8145019,"node/305724798"
"37","Stop_64",8.8056779,50.8167829,"Universitätsklinikum, A3"
"38","Stop_65",8.8056781,50.8165649,"Universitätsklinikum, A2"
"39","Stop_67",8.7593398,50.8052244,"node/310194848"
"40","Stop_69",8.7675701,50.8415121,"node/310915858"
"41","Stop_70",8.7729836,50.8284931,"node/310923605"
"42","Stop_73",8.7599274,50.8366498,"node/311833408"
"43","Stop_75",8.7802887,50.8078285,"Marburg"
"44","Stop_77",8.7795405,50.812722,"node/314898393"
"45","Stop_78",8.7457562,50.8394844,"node/315560805"
"46","Stop_79",8.7743427,50.8137235,"node/316691790"
"47","Stop_80",8.7658431,50.8139778,"node/316692686"
"48","Stop_81",8.775678,50.82894,"Marburg"
"49","Stop_85",8.78069,50.8077519,"node/336254346"
"50","Stop_86",8.7692827,50.8146079,"node/345123805"
"51","Stop_87",8.7757319,50.80783,"node/345602535"
"52","Stop_88",8.7725686,50.808859,"node/346256049"
"53","Stop_90",8.7646136,50.8065581,"node/353041531"
"54","Stop_91",8.7892066,50.799621,"node/358434155"
"55","Stop_92",8.7684577,50.8159737,"node/358439800"
"56","Stop_94",8.7463604,50.8055483,"node/370212826"
"57","Stop_95",8.8021073,50.7715686,"Hof Capelle"
"58","Stop_97",8.7788555,50.7846764,"node/403369575"
"59","Stop_98",8.7651477,50.7749162,"node/422865683"
"60","Stop_99",8.781698,50.776504,"node/428421643"
"61","Stop_100",8.783415,50.7747242,"node/428421653"
"62","Stop_101",8.7651489,50.774949,"node/430378579"
"63","Stop_102",8.7603276,50.788111,"node/454244430"
"64","Stop_103",8.7657774,50.7748231,"node/455231771"
"65","Stop_104",8.7820535,50.7866581,"node/469995790"
"66","Stop_105",8.7800849,50.7852946,"node/469995794"
"67","Stop_106",8.7671697,50.7878844,"node/469995803"
"68","Stop_107",8.7534582,50.8025342,"node/472419246"
"69","Stop_110",8.7604117,50.8085756,"Herder-Institut, A1"
"70","Stop_111",8.768803,50.8070419,"node/490524220"
"71","Stop_112",8.7650752,50.783501,"node/506291063"
"72","Stop_113",8.7446334,50.7947574,"Graf-von-Stauffenberg-Straße"
"73","Stop_114",8.7616688,50.8385292,"Marburg"
"74","Stop_115",8.7582855,50.8046812,"node/513888398"
"75","Stop_116",8.7581357,50.8046257,"Wilhelmsplatz, C1"
"76","Stop_117",8.7854488,50.8200945,"node/520397339"
"77","Stop_118",8.7622266,50.8318728,"node/523079063"
"78","Stop_119",8.7609016,50.7962901,"node/550521410"
"79","Stop_120",8.7691177,50.8162888,"node/552415590"
"80","Stop_123",8.7665537,50.8023273,"node/654083899"
"81","Stop_126",8.7681514,50.7816091,"node/702474105"
"82","Stop_127",8.744533,50.8064249,"node/803881682"
"83","Stop_129",8.7774811,50.8052699,"node/828464173"
"84","Stop_130",8.7889535,50.7916627,"Marburg"
"85","Stop_133",8.7898907,50.7957556,"node/1080698028"
"86","Stop_134",8.7580905,50.7884684,"node/1094571413"
"87","Stop_135",8.7605852,50.8378501,"node/1094996385"
"88","Stop_136",8.7604458,50.8375571,"node/1094996404"
"89","Stop_137",8.7690173,50.8059847,"node/1094996442"
"90","Stop_138",8.7740376,50.8098353,"node/1095060336"
"91","Stop_139",8.7696604,50.8144881,"node/1105473668"
"92","Stop_142",8.7801309,50.8062304,"node/1285459227"
"93","Stop_143",8.7809321,50.805715,"node/1285459245"
"94","Stop_144",8.7799634,50.8063607,"node/1285459251"
"95","Stop_145",8.7796818,50.8063586,"node/1285459252"
"96","Stop_147",8.7716596,50.7969229,"An der Schanze"
"97","Stop_151",8.75142,50.8164815,"node/1634138007"
"98","Stop_152",8.7593229,50.8119814,"node/1634138033"
"99","Stop_153",8.7573966,50.812064,"node/1634138067"
"100","Stop_154",8.7789552,50.8100926,"Marburg Mitte"
"101","Stop_158",8.7680485,50.8405791,"Marburg"
"102","Stop_163",8.7894862,50.7996614,"node/1699401619"
"103","Stop_164",8.809464,50.7731689,"Moischt"
"104","Stop_165",8.7138851,50.7858879,"Cyriaxweimar"
"105","Stop_166",8.759569,50.7881003,"node/1699517068"
"106","Stop_167",8.7518638,50.7910429,"node/1699517116"
"107","Stop_168",8.7730688,50.8140206,"node/1699517423"
"108","Stop_171",8.7483978,50.8161161,"node/1708111903"
"109","Stop_175",8.7669466,50.7877689,"node/1758773350"
"110","Stop_176",8.7731034,50.8281713,"node/1758773554"
"111","Stop_177",8.7719858,50.8077401,"node/1777379382"
"112","Stop_178",8.7621935,50.7977593,"node/1805507095"
"113","Stop_179",8.7830511,50.8058829,"node/1830988879"
"114","Stop_180",8.7667712,50.7898369,"Stadtbüro, A1"
"115","Stop_181",8.7684104,50.7774793,"node/1831164723"
"116","Stop_184",8.7687972,50.7945763,"Rollwiesenweg"
"117","Stop_185",8.7661676,50.7963751,"node/1831841118"
"118","Stop_186",8.7692974,50.8256972,"node/1831853809"
"119","Stop_187",8.7635456,50.8081471,"Turnergarten, A1"
"120","Stop_188",8.7557352,50.7891975,"node/1831948868"
"121","Stop_189",8.7620881,50.7989714,"node/1832464905"
"122","Stop_190",8.7489645,50.8010683,"node/1832523767"
"123","Stop_191",8.748704,50.8033547,"Hohe Leuchte"
"124","Stop_192",8.7410925,50.8097294,"node/1832547091"
"125","Stop_193",8.7558396,50.8124365,"node/1832547236"
"126","Stop_194",8.7457395,50.7952474,"Marburg-Ockershausen"
"127","Stop_195",8.7601325,50.8364349,"node/1833651433"
"128","Stop_196",8.7698228,50.8376159,"node/1833651439"
"129","Stop_197",8.7661894,50.8401238,"node/1833651467"
"130","Stop_198",8.790984,50.7963943,"node/1833672963"
"131","Stop_199",8.7383658,50.7925557,"node/1833805599"
"132","Stop_200",8.75017,50.7724055,"node/1836218519"
"133","Stop_201",8.7761127,50.7982066,"node/1838100474"
"134","Stop_202",8.7787508,50.7910907,"node/1838292308"
"135","Stop_203",8.7705186,50.7813048,"node/1868477557"
"136","Stop_204",8.7542809,50.7999927,"node/1881648736"
"137","Stop_205",8.7520036,50.7964653,"node/1887321584"
"138","Stop_206",8.7593355,50.8021281,"node/1887321596"
"139","Stop_207",8.7591067,50.8021957,"node/1887321598"
"140","Stop_208",8.7592413,50.8023345,"node/1887321602"
"141","Stop_209",8.7428149,50.8023272,"Herrmannstraße"
"142","Stop_210",8.7616243,50.8059159,"node/1912193686"
"143","Stop_211",8.7616654,50.8059308,"node/1912193689"
"144","Stop_212",8.7717658,50.8075093,"node/1922680421"
"145","Stop_213",8.7479212,50.8014077,"Stiftstraße"
"146","Stop_214",8.7361461,50.7984935,"Gladenbacher Weg"
"147","Stop_215",8.7717203,50.8073779,"node/1955596460"
"148","Stop_216",8.7532332,50.7969051,"Am Herrenfeld (Feuerwehr)"
"149","Stop_217",8.7735194,50.8075831,"node/1986183031"
"150","Stop_218",8.7612196,50.806663,"node/1996076256"
"151","Stop_219",8.7629361,50.8082986,"Turnergarten, B2"
"152","Stop_220",8.7588478,50.8063867,"node/2018667131"
"153","Stop_224",8.7660601,50.7863417,"node/2074469663"
"154","Stop_225",8.6898668,50.7871867,"Hermershausen"
"155","Stop_227",8.7546493,50.8002798,"Bachweg"
"156","Stop_228",8.7511645,50.7973496,"Zwetschenweg"
"157","Stop_229",8.7509434,50.7976432,"Zwetschenweg"
"158","Stop_230",8.7523167,50.7985667,"Georg-Gaßmann-Stadion"
"159","Stop_231",8.7525103,50.7986558,"Georg-Gaßmann-Stadion"
"160","Stop_232",8.7539604,50.7996906,"Bachweg"
"161","Stop_233",8.7572564,50.8015527,"node/2125642777"
"162","Stop_235",8.7379001,50.8031146,"Soldatengraben"
"163","Stop_236",8.7379287,50.8033288,"Soldatengraben"
"164","Stop_239",8.7446953,50.7948484,"node/2143164867"
"165","Stop_240",8.7430885,50.7935398,"node/2144234676"
"166","Stop_241",8.779035,50.7848751,"node/2154583573"
"167","Stop_242",8.7789446,50.7849454,"node/2154583581"
"168","Stop_243",8.7673706,50.7862131,"node/2154583615"
"169","Stop_244",8.7736036,50.786322,"node/2154583624"
"170","Stop_245",8.7733488,50.7863684,"node/2154583627"
"171","Stop_247",8.7818027,50.8042246,"node/2163198667"
"172","Stop_248",8.7729099,50.818536,"node/2263112418"
"173","Stop_249",8.7758379,50.8132602,"node/2298768639"
"174","Stop_250",8.7742058,50.8189768,"node/2298829669"
"175","Stop_251",8.7691713,50.8163158,"node/2298845301"
"176","Stop_258",8.7716652,50.8259287,"node/2314957397"
"177","Stop_259",8.7722925,50.8202044,"node/2314957449"
"178","Stop_260",8.7724067,50.8215328,"node/2314957457"
"179","Stop_261",8.7723961,50.8216372,"node/2314957458"
"180","Stop_263",8.7601744,50.8378223,"node/2320761322"
"181","Stop_264",8.7620038,50.8319428,"node/2338422248"
"182","Stop_265",8.77289,50.8149723,"node/2341008788"
"183","Stop_266",8.7698157,50.8384411,"node/2341130016"
"184","Stop_267",8.7733533,50.8281656,"node/2341130036"
"185","Stop_268",8.7764626,50.8073014,"Erlenring, C1"
"186","Stop_269",8.7111814,50.8281208,"node/2359381230"
"187","Stop_270",8.772352,50.8094141,"node/2366182338"
"188","Stop_271",8.7827002,50.8057219,"node/2371396698"
"189","Stop_272",8.7698151,50.8258566,"node/2371404404"
"190","Stop_273",8.7735263,50.8387109,"node/2371405859"
"191","Stop_274",8.7645509,50.8007157,"node/2395522998"
"192","Stop_275",8.716595,50.7834678,"Cyriaxweimar Cyriaxstraße"
"193","Stop_276",8.7539729,50.7956026,"node/2441209827"
"194","Stop_277",8.7671345,50.8270772,"Marburg-Messe"
"195","Stop_282",8.7530387,50.8154298,"node/2474192106"
"196","Stop_283",8.7697789,50.814015,"node/2480534495"
"197","Stop_284",8.7697667,50.8140337,"node/2480534498"
"198","Stop_285",8.7415154,50.8089332,"node/2481735541"
"199","Stop_286",8.7418414,50.8091394,"Marburg"
"200","Stop_287",8.7416814,50.8089677,"node/2481750441"
"201","Stop_288",8.766931,50.8300092,"Marburg-Messe"
"202","Stop_289",8.780041,50.8062714,"node/2484832772"
"203","Stop_290",8.7796171,50.8062919,"node/2484832773"
"204","Stop_291",8.7769662,50.8075167,"node/2484832785"
"205","Stop_292",8.776664,50.8075087,"node/2484832786"
"206","Stop_293",8.7770173,50.8075987,"node/2484832789"
"207","Stop_294",8.7757036,50.8077338,"node/2484832793"
"208","Stop_295",8.761558,50.8125692,"node/2505351661"
"209","Stop_296",8.7521827,50.7911221,"node/2507703714"
"210","Stop_297",8.7572139,50.7945383,"node/2509801889"
"211","Stop_298",8.7569383,50.7945475,"node/2509801890"
"212","Stop_299",8.7611537,50.7962993,"node/2510771450"
"213","Stop_300",8.7787619,50.7847663,"node/2522478081"
"214","Stop_301",8.7791283,50.7847981,"node/2522478083"
"215","Stop_303",8.7672321,50.7895113,"node/2524394689"
"216","Stop_304",8.767354,50.7877107,"node/2524408872"
"217","Stop_305",8.7893655,50.7998845,"node/2524489921"
"218","Stop_306",8.7695103,50.8259328,"node/2524597576"
"219","Stop_307",8.7695788,50.8256553,"node/2524597584"
"220","Stop_308",8.7588171,50.8045319,"node/2544612945"
"221","Stop_309",8.7589203,50.8043664,"node/2544612947"
"222","Stop_310",8.7552228,50.8358186,"node/2546061242"
"223","Stop_311",8.7530793,50.798969,"node/2554602329"
"224","Stop_324",8.7627543,50.8144984,"node/2578032986"
"225","Stop_328",8.7680717,50.7775809,"node/2589244855"
"226","Stop_329",8.7695638,50.7789226,"node/2589244856"
"227","Stop_330",8.7779352,50.8192577,"node/2589244857"
"228","Stop_335",8.7642056,50.8135028,"node/2626504116"
"229","Stop_341",8.7818033,50.8042482,"node/2646083672"
"230","Stop_342",8.7446801,50.7948271,"node/2650671031"
"231","Stop_343",8.7156766,50.8306844,"node/2654846122"
"232","Stop_344",8.7686297,50.7969092,"node/2667719750"
"233","Stop_345",8.7687624,50.7950838,"node/2667767238"
"234","Stop_346",8.7602829,50.8007558,"node/2677924743"
"235","Stop_347",8.7601616,50.8009043,"node/2677924750"
"236","Stop_348",8.7813807,50.8057696,"node/2677924751"
"237","Stop_349",8.7800922,50.8061513,"node/2677924752"
"238","Stop_350",8.7567834,50.8360679,"node/2677924754"
"239","Stop_351",8.76706,50.7875852,"node/2677967661"
"240","Stop_352",8.7582313,50.7884542,"node/2677967670"
"241","Stop_353",8.7520524,50.7909652,"node/2677967673"
"242","Stop_354",8.7520462,50.7912158,"node/2677967676"
"243","Stop_355",8.7674839,50.789361,"node/2677968839"
"244","Stop_356",8.7610855,50.7964319,"node/2677968840"
"245","Stop_357",8.7686445,50.7966845,"node/2677968844"
"246","Stop_358",8.7687451,50.7967787,"node/2677968845"
"247","Stop_359",8.752998,50.8154751,"node/2677971374"
"248","Stop_360",8.7511908,50.816518,"node/2677971375"
"249","Stop_361",8.7513337,50.8165298,"node/2677971376"
"250","Stop_362",8.7511883,50.8166388,"node/2677971378"
"251","Stop_364",8.7655098,50.7747204,"node/2730955354"
"252","Stop_365",8.7655553,50.7807363,"node/2730955363"
"253","Stop_366",8.7720627,50.7970138,"node/2730955388"
"254","Stop_367",8.7798757,50.7984528,"node/2730955398"
"255","Stop_368",8.7823812,50.798723,"node/2730955401"
"256","Stop_369",8.7847914,50.7990312,"node/2730955404"
"257","Stop_371",8.7122179,50.7778413,"Cyriaxweimar"
"258","Stop_373",8.7666532,50.7902915,"node/2887556992"
"259","Stop_374",8.7633432,50.7945117,"node/2887556993"
"260","Stop_375",8.7749628,50.8283131,"node/2887632554"
"261","Stop_376",8.7677771,50.8406172,"node/2895465100"
"262","Stop_377",8.7677271,50.8406242,"node/2895465101"
"263","Stop_378",8.7679673,50.8406716,"node/2895465103"
"264","Stop_379",8.767659,50.8406866,"node/2895465105"
"265","Stop_380",8.7679541,50.8406958,"node/2895465106"
"266","Stop_381",8.7677086,50.8407123,"node/2895465107"
"267","Stop_382",8.7680017,50.8408621,"node/2895465110"
"268","Stop_383",8.7677162,50.8408677,"node/2895465111"
"269","Stop_384",8.7680353,50.8408802,"node/2895465112"
"270","Stop_385",8.767685,50.8408989,"node/2895465113"
"271","Stop_386",8.76798,50.8409661,"node/2895465117"
"272","Stop_387",8.7679449,50.8409685,"node/2895465119"
"273","Stop_388",8.7676226,50.8410941,"Marburg"
"274","Stop_389",8.7700051,50.8434716,"node/2895465136"
"275","Stop_390",8.77019,50.8435182,"node/2895465139"
"276","Stop_392",8.7634256,50.7947807,"node/2900823832"
"277","Stop_393",8.7717381,50.8073365,"node/2901052952"
"278","Stop_394",8.7713942,50.8074211,"node/2901052953"
"279","Stop_395",8.7718126,50.807524,"node/2901052954"
"280","Stop_396",8.7721352,50.8076444,"node/2901052955"
"281","Stop_397",8.772456,50.8076777,"node/2901052956"
"282","Stop_398",8.7722871,50.8078376,"node/2901052957"
"283","Stop_399",8.7727039,50.8088206,"node/2901052958"
"284","Stop_400",8.7727498,50.8088572,"node/2901052959"
"285","Stop_401",8.7729445,50.8089667,"node/2901052962"
"286","Stop_402",8.7725505,50.8090183,"node/2901052964"
"287","Stop_403",8.7732887,50.809121,"node/2901052966"
"288","Stop_404",8.7734219,50.8091859,"node/2901052967"
"289","Stop_405",8.7739993,50.8097669,"node/2901052969"
"290","Stop_406",8.7740693,50.8098992,"node/2901052975"
"291","Stop_407",8.7683792,50.8306213,"Marburg"
"292","Stop_408",8.7695512,50.8256933,"node/2923514590"
"293","Stop_409",8.7688483,50.8296705,"node/2923514591"
"294","Stop_410",8.742355,50.8023232,"node/2923648784"
"295","Stop_411",8.7379189,50.8032402,"node/2923648785"
"296","Stop_412",8.7679507,50.8069188,"node/2923719908"
"297","Stop_413",8.7662811,50.7964874,"node/2923728367"
"298","Stop_414",8.778094,50.7893271,"node/2925038258"
"299","Stop_415",8.7735154,50.7784629,"node/2925075934"
"300","Stop_416",8.7674532,50.7793785,"node/2925075936"
"301","Stop_417",8.7801374,50.80619,"node/2935220530"
"302","Stop_418",8.7795496,50.806325,"node/2935220531"
"303","Stop_419",8.7800203,50.8064024,"node/2935220532"
"304","Stop_420",8.7778041,50.8072577,"node/2935220538"
"305","Stop_421",8.7766521,50.8074742,"node/2935220540"
"306","Stop_422",8.7770885,50.8075815,"node/2935220541"
"307","Stop_423",8.7765702,50.8076032,"node/2935220542"
"308","Stop_424",8.7754376,50.8077714,"node/2935220543"
"309","Stop_425",8.775782,50.8078227,"node/2935220544"
"310","Stop_426",8.7767936,50.8078516,"node/2935220545"
"311","Stop_427",8.7719439,50.8077466,"node/2944086270"
"312","Stop_428",8.760838,50.7962522,"node/2961621362"
"313","Stop_429",8.7612221,50.7962571,"node/2961621363"
"314","Stop_430",8.7622485,50.7977943,"node/2961621381"
"315","Stop_431",8.7623853,50.7978595,"node/2961621383"
"316","Stop_432",8.7621638,50.7978505,"node/2961621384"
"317","Stop_433",8.762037,50.7979223,"node/2961621387"
"318","Stop_434",8.7620466,50.7979752,"node/2961621389"
"319","Stop_435",8.7622883,50.7980143,"node/2961621391"
"320","Stop_436",8.7620199,50.7986738,"node/2961621396"
"321","Stop_437",8.7618458,50.7989523,"node/2961621397"
"322","Stop_438",8.7618077,50.7989987,"node/2961621398"
"323","Stop_439",8.7621514,50.7990051,"node/2961621399"
"324","Stop_440",8.7687004,50.8069191,"node/2968610854"
"325","Stop_441",8.7685024,50.8159995,"node/2978913843"
"326","Stop_442",8.770913,50.8169968,"node/2978913874"
"327","Stop_443",8.7708696,50.8170303,"node/2978913878"
"328","Stop_444",8.7706283,50.8170596,"node/2978913879"
"329","Stop_445",8.7708521,50.8171728,"node/2978913885"
"330","Stop_446",8.7708837,50.8171888,"node/2978913888"
"331","Stop_447",8.7476623,50.8078455,"Marburg"
"332","Stop_448",8.7418484,50.8088283,"node/2994494563"
"333","Stop_451",8.7463209,50.8208745,"node/2995435670"
"334","Stop_452",8.7697287,50.8258441,"node/2996104077"
"335","Stop_453",8.7716787,50.8258737,"node/2996104079"
"336","Stop_454",8.7695236,50.8258903,"node/2996104080"
"337","Stop_455",8.7714002,50.8260083,"node/2996104088"
"338","Stop_456",8.7714602,50.8260117,"node/2996104089"
"339","Stop_457",8.7716261,50.826207,"node/2996104103"
"340","Stop_458",8.7715175,50.8262128,"node/2996104105"
"341","Stop_459",8.7686808,50.8306345,"node/2996176590"
"342","Stop_460",8.8092854,50.8175877,"node/3024546741"
"343","Stop_461",8.8097212,50.8176114,"node/3024546742"
"344","Stop_463",8.7113161,50.8282058,"node/3043532562"
"345","Stop_468",8.7708767,50.8145653,"Elisabethkirche, B2"
"346","Stop_469",8.7727686,50.8283624,"node/3138331270"
"347","Stop_470",8.7729285,50.828399,"node/3138331271"
"348","Stop_471",8.7726499,50.828406,"node/3138331273"
"349","Stop_472",8.7730323,50.8284655,"node/3138331275"
"350","Stop_473",8.7728689,50.8286921,"node/3138331277"
"351","Stop_474",8.7728988,50.8287532,"node/3138331279"
"352","Stop_475",8.7795976,50.8126954,"node/3139618419"
"353","Stop_476",8.7794761,50.8127519,"node/3139618420"
"354","Stop_478",8.7500627,50.7723714,"node/3220299554"
"355","Stop_479",8.7502808,50.7724422,"node/3220299557"
"356","Stop_480",8.7502158,50.7725845,"node/3220299963"
"357","Stop_485",8.7780533,50.8081113,"Marburg"
"358","Stop_486",8.7032699,50.7784564,"Steinborn"
"359","Stop_487",8.7007683,50.7786747,"Steingasse"
"360","Stop_488",8.7817847,50.8040923,"Weintrautstraße"
"361","Stop_489",8.7700489,50.8041618,"node/3380519900"
"362","Stop_490",8.7735903,50.8185435,"node/3413950617"
"363","Stop_491",8.7733814,50.8187214,"node/3413950618"
"364","Stop_492",8.7614929,50.8066528,"node/3428606308"
"365","Stop_503",8.7677204,50.789432,"node/3563173004"
"366","Stop_504",8.7672939,50.789498,"node/3563173005"
"367","Stop_505",8.767524,50.7895472,"node/3563173007"
"368","Stop_506",8.7515468,50.7897411,"node/3563173015"
"369","Stop_507",8.7512979,50.7898134,"node/3563173020"
"370","Stop_508",8.7515821,50.7899505,"node/3563173025"
"371","Stop_509",8.7513891,50.7900412,"node/3563173028"
"372","Stop_510",8.7515724,50.7901702,"node/3563173038"
"373","Stop_511",8.7522228,50.7911685,"node/3563173064"
"374","Stop_512",8.7521181,50.7912373,"node/3563173067"
"375","Stop_513",8.7569237,50.7944046,"node/3563173197"
"376","Stop_514",8.757253,50.7945556,"node/3563173199"
"377","Stop_515",8.7569113,50.7945639,"node/3563173200"
"378","Stop_516",8.7661529,50.7963474,"node/3563173220"
"379","Stop_517",8.7658754,50.7965365,"node/3563173223"
"380","Stop_518",8.7656949,50.7965589,"Konrad-Adenauer-Brücke"
"381","Stop_519",8.7693698,50.7985885,"node/3563173236"
"382","Stop_520",8.7693995,50.7986164,"node/3563173238"
"383","Stop_521",8.7694746,50.7986734,"node/3563173240"
"384","Stop_531",8.7603324,50.7880024,"node/3569232127"
"385","Stop_532",8.7599825,50.7880479,"node/3569232128"
"386","Stop_533",8.7603842,50.7880807,"node/3569232130"
"387","Stop_534",8.758265,50.7884196,"node/3569232158"
"388","Stop_535",8.757756,50.7884384,"node/3569232165"
"389","Stop_536",8.7579558,50.7885053,"node/3569232171"
"390","Stop_537",8.7579711,50.7885337,"node/3569232174"
"391","Stop_538",8.7651499,50.7749807,"node/3569582697"
"392","Stop_539",8.768778,50.7948678,"node/3573944593"
"393","Stop_540",8.7687599,50.7951175,"node/3573944597"
"394","Stop_541",8.7700166,50.8041448,"node/3588188045"
"395","Stop_542",8.7700707,50.8041737,"node/3588188046"
"396","Stop_543",8.7324918,50.7977347,"node/3598570819"
"397","Stop_550",8.7788111,50.7846555,"node/3623267230"
"398","Stop_551",8.7791353,50.7846599,"node/3623267231"
"399","Stop_552",8.7790855,50.7848969,"node/3623267234"
"400","Stop_553",8.7790459,50.784953,"node/3623267235"
"401","Stop_554",8.7736379,50.7863747,"node/3623267271"
"402","Stop_555",8.7883386,50.7917706,"node/3627067807"
"403","Stop_556",8.7686037,50.8071767,"node/3629443133"
"404","Stop_557",8.78938,50.7998565,"node/3632904589"
"405","Stop_558",8.7759853,50.8006835,"node/3632904591"
"406","Stop_559",8.7761055,50.8007151,"node/3632904592"
"407","Stop_560",8.7818007,50.8041965,"node/3632904711"
"408","Stop_561",8.7811613,50.8056154,"node/3632904715"
"409","Stop_562",8.7830755,50.8056538,"node/3632904716"
"410","Stop_563",8.7825535,50.8057341,"node/3632904718"
"411","Stop_564",8.7808758,50.8057584,"node/3632904720"
"412","Stop_565",8.7814265,50.805765,"node/3632904721"
"413","Stop_566",8.7830181,50.8058321,"node/3632904723"
"414","Stop_567",8.7809032,50.8058526,"node/3632904724"
"415","Stop_568",8.7679089,50.8069135,"node/3633140848"
"416","Stop_569",8.7684775,50.8069957,"node/3633140851"
"417","Stop_570",8.7688484,50.8070489,"node/3633140852"
"418","Stop_571",8.7511556,50.8165016,"node/3650160012"
"419","Stop_572",8.7732952,50.8186791,"Hauptbahnhof, B6"
"420","Stop_576",8.7673059,50.7862533,"node/3713928829"
"421","Stop_577",8.7670863,50.7863741,"node/3713928847"
"422","Stop_578",8.7667206,50.7865696,"node/3713928856"
"423","Stop_579",8.7663148,50.7865779,"node/3713928858"
"424","Stop_580",8.7665646,50.7868464,"node/3713928896"
"425","Stop_581",8.7384067,50.7927163,"node/3715374304"
"426","Stop_582",8.738088,50.7927608,"node/3715374317"
"427","Stop_583",8.7621224,50.8319957,"node/3726146573"
"428","Stop_584",8.7730202,50.8182012,"node/3728901472"
"429","Stop_585",8.7730779,50.8182239,"node/3728901473"
"430","Stop_586",8.7741868,50.8190013,"node/3730283259"
"431","Stop_587",8.7622408,50.8318357,"node/3731924647"
"432","Stop_588",8.7622144,50.8319134,"node/3731924648"
"433","Stop_589",8.7731865,50.8203189,"node/3732072054"
"434","Stop_590",8.7731692,50.8203457,"node/3732072055"
"435","Stop_591",8.7729621,50.820384,"node/3732072056"
"436","Stop_592",8.7730121,50.820398,"node/3732072057"
"437","Stop_593",8.7730654,50.8204948,"node/3732072058"
"438","Stop_594",8.7725752,50.8214941,"node/3732072080"
"439","Stop_595",8.7725678,50.8215224,"node/3732072082"
"440","Stop_596",8.7723621,50.8215354,"node/3732072083"
"441","Stop_597",8.7725343,50.8217238,"node/3732072086"
"442","Stop_598",8.7721571,50.8233337,"node/3732072089"
"443","Stop_600",8.7739587,50.8187338,"Hauptbahnhof, A1"
"444","Stop_601",8.778042,50.8190178,"Hauptbahnhof Ost / Ortenbergsteg, A1"
"445","Stop_602",8.7779529,50.8192094,"node/3734990611"
"446","Stop_603",8.7779152,50.8193041,"node/3734990613"
"447","Stop_604",8.7730586,50.8281393,"node/3734990621"
"448","Stop_605",8.7712406,50.8144803,"Elisabethkirche, A1"
"449","Stop_606",8.7620522,50.7986,"Frankfurter Straße/Theater, A1"
"450","Stop_607",8.7692934,50.8071169,"Gutenbergstraße, A3"
"451","Stop_608",8.7736941,50.8185971,"Hauptbahnhof, A3"
"452","Stop_609",8.7689765,50.7980658,"Körnerstraße"
"453","Stop_610",8.7692409,50.7984485,"Körnerstraße"
"454","Stop_611",8.7747419,50.8003103,"Reichwein-Schule"
"455","Stop_612",8.7757065,50.8006144,"Reichwein-Schule"
"456","Stop_613",8.773024,50.8089998,"Rudolphsplatz, A1"
"457","Stop_614",8.7717318,50.8256057,"Schlosserstraße"
"458","Stop_615",8.7716992,50.82577,"Schlosserstraße"
"459","Stop_616",8.7633768,50.7949597,"Südbahnhof, A3"
"460","Stop_617",8.7589986,50.8034813,"Wilhelmsplatz, A5"
"461","Stop_618",8.7759796,50.8077986,"Erlenring, A1"
"462","Stop_619",8.7645274,50.8006914,"node/3738168124"
"463","Stop_620",8.7646677,50.8008312,"node/3738170525"
"464","Stop_621",8.759073,50.8048048,"node/3747642194"
"465","Stop_622",8.7157738,50.8422156,"node/3749642405"
"466","Stop_623",8.7729923,50.8140415,"node/3752060553"
"467","Stop_624",8.7725322,50.8141678,"node/3752060555"
"468","Stop_625",8.7728199,50.8142101,"node/3752060556"
"469","Stop_626",8.7728307,50.8142763,"node/3752060557"
"470","Stop_627",8.7725707,50.8141566,"node/3753142556"
"471","Stop_628",8.7728817,50.8148767,"node/3753142557"
"472","Stop_629",8.7728934,50.8150126,"node/3753142558"
"473","Stop_630",8.7603256,50.8007037,"node/3755918421"
"474","Stop_631",8.7601306,50.8009395,"node/3755919025"
"475","Stop_632",8.7589104,50.8042944,"node/3755919043"
"476","Stop_633",8.7584017,50.8047265,"node/3755919044"
"477","Stop_634",8.7589411,50.8049682,"node/3755919045"
"478","Stop_635",8.7594478,50.8049921,"node/3755919046"
"479","Stop_636",8.7581762,50.7883466,"node/3759950659"
"480","Stop_637",8.7734738,50.8075873,"node/3759950706"
"481","Stop_638",8.7739527,50.8076123,"node/3759950712"
"482","Stop_640",8.7674767,50.7893258,"node/3763641588"
"483","Stop_641",8.7677831,50.7894177,"node/3763641589"
"484","Stop_642",8.7675323,50.7895934,"node/3763641590"
"485","Stop_643",8.7617005,50.8059445,"node/3764390059"
"486","Stop_647",8.7574382,50.8120527,"node/3784388522"
"487","Stop_648",8.7573579,50.8120761,"node/3784388523"
"488","Stop_649",8.764141,50.8134825,"node/3784388525"
"489","Stop_650",8.7642812,50.8135276,"node/3784388526"
"490","Stop_651",8.7644727,50.8135733,"node/3784388527"
"491","Stop_652",8.7643421,50.8135895,"node/3784388528"
"492","Stop_653",8.7697294,50.8144925,"node/3784388535"
"493","Stop_654",8.769204,50.8145053,"node/3784388536"
"494","Stop_655",8.7692625,50.814624,"node/3784388540"
"495","Stop_656",8.769089,50.8146542,"node/3784388541"
"496","Stop_660",8.6894955,50.8122464,"node/3802093571"
"497","Stop_661",8.7756673,50.8133901,"node/3811748590"
"498","Stop_662",8.7753125,50.8122222,"node/3811911076"
"499","Stop_663",8.7753234,50.8122416,"node/3811911078"
"500","Stop_664",8.7753507,50.8122966,"node/3811911081"
"501","Stop_665",8.7753569,50.812312,"node/3811911082"
"502","Stop_669",8.7484525,50.8161175,"node/3816343795"
"503","Stop_670",8.7483449,50.8161154,"node/3816343796"
"504","Stop_671",8.7511535,50.8166701,"node/3816343797"
"505","Stop_672",8.7645733,50.8065534,"node/3817886395"
"506","Stop_673",8.7646625,50.8065638,"node/3817886396"
"507","Stop_678",8.7490115,50.8010598,"node/3826364520"
"508","Stop_679",8.748935,50.8010751,"node/3826364521"
"509","Stop_684",8.8089037,50.8173899,"node/3843618319"
"510","Stop_685",8.8089689,50.8176211,"node/3843618324"
"511","Stop_686",8.8087284,50.7985509,"node/3844330498"
"512","Stop_687",8.8085112,50.7985656,"node/3844330499"
"513","Stop_695",8.7728601,50.8181892,"node/3857771844"
"514","Stop_696",8.7730946,50.8182099,"node/3857771848"
"515","Stop_697",8.7478746,50.8077604,"node/3861407956"
"516","Stop_698",8.7419032,50.8088105,"node/3861411158"
"517","Stop_699",8.7417091,50.8089946,"node/3861411159"
"518","Stop_700",8.7421117,50.8093482,"node/3861411167"
"519","Stop_701",8.7426899,50.8104427,"node/3861411173"
"520","Stop_702",8.7432743,50.8154147,"node/3861411213"
"521","Stop_703",8.7529621,50.8155104,"node/3861411215"
"522","Stop_704",8.748954,50.8204299,"node/3861411231"
"523","Stop_705",8.7357582,50.8016244,"Marburg"
"524","Stop_706",8.7499606,50.8012021,"node/3878229413"
"525","Stop_707",8.7419846,50.8022953,"node/3878229446"
"526","Stop_708",8.7593626,50.8020698,"node/3880427692"
"527","Stop_709",8.7590197,50.8021651,"node/3880427693"
"528","Stop_710",8.7592234,50.8023816,"node/3880427694"
"529","Stop_711",8.7591143,50.8027213,"node/3880427697"
"530","Stop_712",8.7591054,50.8027574,"node/3880427698"
"531","Stop_713",8.7591001,50.8027824,"node/3880427699"
"532","Stop_714",8.8076277,50.8119166,"Hans-Meerwein-Straße"
"533","Stop_715",8.7736616,50.8138834,"Bunsenstraße"
"534","Stop_716",8.7715621,50.8144007,"Elisabethkirche, A3"
"535","Stop_717",8.768593,50.8158324,"Elisabethstraße"
"536","Stop_718",8.7704485,50.8090832,"Oberstadt Markt"
"537","Stop_719",8.7703748,50.8090354,"Marktplatz (Marburger Schlossbahn)"
"538","Stop_720",8.7585879,50.808611,"Gisonenweg, B2"
"539","Stop_721",8.7665317,50.8098363,"Schloss (Marburger Schlossbahn)"
"540","Stop_722",8.7666104,50.8098212,"Schloss"
"541","Stop_723",8.7692584,50.8137483,"Steinweg (Marburger Schlossbahn)"
"542","Stop_724",8.7644662,50.8074538,"node/3894314439"
"543","Stop_725",8.7645521,50.8074764,"node/3894314440"
"544","Stop_726",8.7684223,50.8076052,"node/3894328696"
"545","Stop_727",8.7158668,50.8421314,"Michelbach"
"546","Stop_728",8.7666131,50.8079456,"Am Plan, B2"
"547","Stop_729",8.7668072,50.8079676,"Am Plan, A1"
"548","Stop_730",8.770188,50.8072413,"Garten des Gedenkens, A1"
"549","Stop_731",8.768988,50.8070721,"Gutenbergstraße, A1"
"550","Stop_732",8.7668791,50.8067802,"Gutenbergstraße, B2"
"551","Stop_733",8.7671818,50.8068168,"Gutenbergstraße, B4"
"552","Stop_734",8.7674531,50.806854,"Gutenbergstraße, B6"
"553","Stop_735",8.7686135,50.8076293,"Hanno-Drechsler-Platz"
"554","Stop_736",8.7680045,50.8069263,"node/3899099567"
"555","Stop_737",8.7718127,50.8077535,"Alte Universität"
"556","Stop_738",8.7755739,50.807754,"Erlenring, B2"
"557","Stop_739",8.774357,50.8104159,"Erwin-Piscator-Haus"
"558","Stop_740",8.7744305,50.8105458,"Erwin-Piscator-Haus"
"559","Stop_741",8.7726033,50.8086355,"Rudolphsplatz, B2"
"560","Stop_742",8.7598448,50.8012668,"Radestraße, A1"
"561","Stop_743",8.7599755,50.801117,"Radestraße, A3"
"562","Stop_744",8.7600809,50.8009975,"Radestraße, A5"
"563","Stop_745",8.7599454,50.8011524,"Radestraße, B2"
"564","Stop_746",8.7598172,50.8013013,"Radestraße, B4"
"565","Stop_747",8.7589629,50.8038405,"Wilhelmsplatz, A1"
"566","Stop_748",8.7589816,50.8036745,"Wilhelmsplatz, A3"
"567","Stop_749",8.758949,50.8039408,"Wilhelmsplatz, B2"
"568","Stop_750",8.758922,50.8041502,"Wilhelmsplatz, B4"
"569","Stop_751",8.7582289,50.8046614,"Wilhelmsplatz, C2"
"570","Stop_752",8.7595469,50.8054267,"Wilhelmsplatz, D1"
"571","Stop_753",8.7589834,50.8049892,"Wilhelmsplatz, D2"
"572","Stop_754",8.7695867,50.8039299,"Auf der Weide/AquaMar"
"573","Stop_755",8.7696989,50.8039852,"Auf der Weide/AquaMar"
"574","Stop_756",8.7624396,50.7977985,"Frankfurter Straße/Theater, B2"
"575","Stop_757",8.7624301,50.7991576,"Frankfurter Straße/Theater, C2"
"576","Stop_758",8.76477,50.8009283,"Friedrichstraße"
"577","Stop_759",8.7653772,50.8015522,"Friedrichstraße"
"578","Stop_760",8.7612416,50.7966086,"Gisselberger Straße, A1"
"579","Stop_761",8.7613172,50.7967039,"Gisselberger Straße, B2"
"580","Stop_762",8.7653377,50.7966144,"Konrad-Adenauer-Brücke"
"581","Stop_763",8.7687514,50.7952404,"Rollwiesenweg"
"582","Stop_764",8.7677602,50.7904618,"Stadtbüro, A3"
"583","Stop_765",8.7667221,50.7899957,"Stadtbüro, B2"
"584","Stop_766",8.767725,50.7903119,"Stadtbüro, B4"
"585","Stop_767",8.7635279,50.7949337,"Südbahnhof, A1"
"586","Stop_768",8.7632694,50.7949698,"Südbahnhof, A5"
"587","Stop_769",8.7631576,50.7949803,"Südbahnhof, A7"
"588","Stop_770",8.7635148,50.7949072,"Südbahnhof, B2"
"589","Stop_771",8.7637065,50.7951839,"Südbahnhof, B4"
"590","Stop_772",8.7618748,50.795043,"Südbahnhof-West"
"591","Stop_773",8.7619813,50.7951505,"Südbahnhof-West"
"592","Stop_774",8.7718972,50.7867867,"Kreishaus, A1"
"593","Stop_775",8.7730738,50.7855677,"Kreishaus, B2"
"594","Stop_776",8.7747599,50.7861881,"Kreishaus, B4"
"595","Stop_777",8.8056549,50.8163655,"Universitätsklinikum, A1"
"596","Stop_778",8.7544929,50.7955097,"Am Herrenfeld"
"597","Stop_779",8.7536671,50.7956561,"Am Herrenfeld"
"598","Stop_780",8.7254087,50.7988406,"Neuhöfe"
"599","Stop_781",8.7635411,50.8063952,"Philippshaus"
"600","Stop_782",8.7638933,50.8064578,"Philippshaus"
"601","Stop_783",8.7382807,50.7912727,"Platz der Weissen Rose"
"602","Stop_784",8.7108719,50.7763624,"node/3899785826"
"603","Stop_785",8.7447092,50.7948671,"node/3899785856"
"604","Stop_786",8.7298351,50.7967808,"node/3899786579"
"605","Stop_787",8.7765669,50.8072721,"node/3899786586"
"606","Stop_788",8.7003281,50.7788412,"Steingasse"
"607","Stop_790",8.7524844,50.7914506,"Stephan-Niderehe-Straße"
"608","Stop_791",8.7612407,50.8064998,"Sybelstraße, A1"
"609","Stop_792",8.7624257,50.8068394,"Sybelstraße, A3"
"610","Stop_793",8.7629463,50.8069765,"Sybelstraße, B2"
"611","Stop_794",8.7610942,50.8064484,"Sybelstraße, B4"
"612","Stop_795",8.753324,50.8024652,"Taubenweg"
"613","Stop_796",8.7537193,50.8026607,"Taubenweg"
"614","Stop_797",8.7552554,50.7936453,"Willy-Mock-Straße"
"615","Stop_798",8.7574841,50.794657,"Willy-Mock-Straße"
"616","Stop_809",8.760042,50.8366428,"node/3912178321"
"617","Stop_810",8.7604309,50.8376146,"node/3912178324"
"618","Stop_811",8.7602568,50.8377862,"node/3912178325"
"619","Stop_812",8.7605204,50.8378078,"node/3912178326"
"620","Stop_813",8.7708023,50.8073357,"Garten des Gedenkens, B2"
"621","Stop_814",8.7733925,50.8184423,"Hauptbahnhof, A5"
"622","Stop_815",8.7736639,50.8188613,"Hauptbahnhof, B4"
"623","Stop_816",8.774324,50.8174239,"Marburg, Hauptbahnhof (Fernbushaltestelle)"
"624","Stop_817",8.7766037,50.8157691,"Ortenbergcenter"
"625","Stop_818",8.7783498,50.8193502,"Hauptbahnhof Ost / Ortenbergsteg, B2"
"626","Stop_819",8.7777985,50.8195898,"Hauptbahnhof Ost / Ortenbergsteg, B4"
"627","Stop_820",8.7644941,50.8096542,"Carl-Duisberg-Haus, A1"
"628","Stop_821",8.7586451,50.8085925,"Gisonenweg, A1"
"629","Stop_822",8.7800513,50.8124893,"Ludwig-Schüler-Park, A1"
"630","Stop_823",8.779955,50.8125306,"Ludwig-Schüler-Park, B2"
"631","Stop_824",8.7807209,50.808805,"Uni-Bibliothek, B2"
"632","Stop_825",8.7624058,50.7978364,"node/3938495652"
"633","Stop_826",8.7777721,50.8072692,"node/3938495653"
"634","Stop_828",8.7692961,50.839513,"node/3947704895"
"635","Stop_829",8.7690853,50.8395446,"node/3947704896"
"636","Stop_830",8.7691524,50.839668,"node/3947704898"
"637","Stop_831",8.7800632,50.7853114,"node/3954149178"
"638","Stop_832",8.7165916,50.7835217,"Cyriaxweimar Cyriaxstraße"
"639","Stop_833",8.7267567,50.797072,"node/3964041539"
"640","Stop_839",8.7650692,50.7835367,"Umgehungsstraße/Im Rudert"
"641","Stop_840",8.7650653,50.7835944,"Umgehungsstraße/Im Rudert"
"642","Stop_841",8.7642843,50.7710285,"Zum Neuen Hieb"
"643","Stop_842",8.7642843,50.7710927,"Zum Neuen Hieb"
"644","Stop_844",8.7626126,50.7725333,"node/4073835798"
"645","Stop_846",8.74406,50.7941135,"Graf-von-Stauffenberg-Straße"
"646","Stop_847",8.7747935,50.8233044,"node/4109906218"
"647","Stop_848",8.7747881,50.823323,"node/4109906219"
"648","Stop_849",8.7747834,50.8233349,"node/4109906220"
"649","Stop_850",8.7789915,50.8066502,"Kurt-Schumacher-Brücke"
"650","Stop_851",8.7789713,50.8067563,"Kurt-Schumacher-Brücke"
"651","Stop_852",8.805529,50.8045993,"Botanischer Garten"
"652","Stop_853",8.7914543,50.8001863,"Hölderlinstraße"
"653","Stop_854",8.7613243,50.8124869,"node/4235491419"
"654","Stop_855",8.7614184,50.8125202,"node/4235491420"
"655","Stop_1025",8.7007683,50.7786747,"node/3377836590"
"656","Stop_1026",8.7003281,50.7788412,"node/3899786589"
"657","Stop_1032",8.6898668,50.7871867,"node/2076137025"
"658","Stop_1034",8.6962245,50.7817017,"node/244501982"
"659","Stop_1038",8.6894955,50.8122464,"node/3802093571"
"660","Stop_1039",8.7048392,50.7782143,"node/244501992"
"661","Stop_1040",8.7075253,50.7774167,"node/244501995"
"662","Stop_1041",8.7032699,50.7784564,"node/3377836582"
"663","Stop_1042",8.7122179,50.7778413,"node/2785211960"
"664","Stop_1043",8.7108719,50.7763624,"node/3899785826"
"665","Stop_1044",8.7138851,50.7858879,"node/1699517046"
"666","Stop_1045",8.716595,50.7834678,"node/2412145753"
"667","Stop_1046",8.7165916,50.7835217,"node/3964041519"
"668","Stop_1047",8.7500458,50.7703835,"node/30107288"
"669","Stop_1048",8.7503581,50.7722708,"node/30107292"
"670","Stop_1049",8.750226,50.7725554,"node/30107293"
"671","Stop_1050",8.75017,50.7724055,"node/1836218519"
"672","Stop_1051",8.7500627,50.7723714,"node/3220299554"
"673","Stop_1052",8.7502808,50.7724422,"node/3220299557"
"674","Stop_1053",8.7502158,50.7725845,"node/3220299963"
"675","Stop_1054",8.7502862,50.7753308,"node/30107297"
"676","Stop_1055",8.7383658,50.7925557,"node/1833805599"
"677","Stop_1056",8.7384067,50.7927163,"node/3715374304"
"678","Stop_1057",8.738088,50.7927608,"node/3715374317"
"679","Stop_1058",8.7382807,50.7912727,"node/3899785822"
"680","Stop_1059",8.7430885,50.7935398,"node/2144234676"
"681","Stop_1060",8.7518638,50.7910429,"node/1699517116"
"682","Stop_1061",8.7521827,50.7911221,"node/2507703714"
"683","Stop_1062",8.7520524,50.7909652,"node/2677967673"
"684","Stop_1063",8.7520462,50.7912158,"node/2677967676"
"685","Stop_1064",8.7515468,50.7897411,"node/3563173015"
"686","Stop_1065",8.7512979,50.7898134,"node/3563173020"
"687","Stop_1066",8.7515821,50.7899505,"node/3563173025"
"688","Stop_1067",8.7513891,50.7900412,"node/3563173028"
"689","Stop_1068",8.7515724,50.7901702,"node/3563173038"
"690","Stop_1069",8.7522228,50.7911685,"node/3563173064"
"691","Stop_1070",8.7521181,50.7912373,"node/3563173067"
"692","Stop_1071",8.7524844,50.7914506,"node/3899786592"
"693","Stop_1072",8.7552554,50.7936453,"node/3899786599"
"694","Stop_1073",8.7254087,50.7988406,"node/3899785819"
"695","Stop_1074",8.7267567,50.797072,"node/3964041539"
"696","Stop_1075",8.7324918,50.7977347,"node/3598570819"
"697","Stop_1076",8.7298351,50.7967808,"node/3899786579"
"698","Stop_1077",8.7361461,50.7984935,"node/1929540437"
"699","Stop_1078",8.7357582,50.8016244,"node/3878229376"
"700","Stop_1079",8.7379001,50.8031146,"node/2128250122"
"701","Stop_1080",8.7379287,50.8033288,"node/2128250133"
"702","Stop_1081",8.742355,50.8023232,"node/2923648784"
"703","Stop_1082",8.7379189,50.8032402,"node/2923648785"
"704","Stop_1083",8.7419846,50.8022953,"node/3878229446"
"705","Stop_1084",8.7446334,50.7947574,"node/508077068"
"706","Stop_1085",8.7457395,50.7952474,"node/1832557731"
"707","Stop_1086",8.7446953,50.7948484,"node/2143164867"
"708","Stop_1087",8.7446801,50.7948271,"node/2650671031"
"709","Stop_1088",8.7447092,50.7948671,"node/3899785856"
"710","Stop_1089",8.74406,50.7941135,"node/4105726466"
"711","Stop_1090",8.7542809,50.7999927,"node/1881648736"
"712","Stop_1091",8.7520036,50.7964653,"node/1887321584"
"713","Stop_1092",8.7532332,50.7969051,"node/1970703247"
"714","Stop_1093",8.7511645,50.7973496,"node/2107770087"
"715","Stop_1094",8.7509434,50.7976432,"node/2107770088"
"716","Stop_1095",8.7523167,50.7985667,"node/2107770089"
"717","Stop_1096",8.7525103,50.7986558,"node/2107770090"
"718","Stop_1097",8.7539604,50.7996906,"node/2107770094"
"719","Stop_1098",8.7539729,50.7956026,"node/2441209827"
"720","Stop_1099",8.7530793,50.798969,"node/2554602329"
"721","Stop_1100",8.7544929,50.7955097,"node/3899785810"
"722","Stop_1101",8.7536671,50.7956561,"node/3899785811"
"723","Stop_1102",8.7463604,50.8055483,"node/370212826"
"724","Stop_1103",8.744533,50.8064249,"node/803881682"
"725","Stop_1104",8.7489645,50.8010683,"node/1832523767"
"726","Stop_1105",8.748704,50.8033547,"node/1832523921"
"727","Stop_1106",8.7428149,50.8023272,"node/1903161996"
"728","Stop_1107",8.7479212,50.8014077,"node/1924327756"
"729","Stop_1108",8.7490115,50.8010598,"node/3826364520"
"730","Stop_1109",8.748935,50.8010751,"node/3826364521"
"731","Stop_1110",8.7534582,50.8025342,"node/472419246"
"732","Stop_1111",8.7546493,50.8002798,"node/2106390003"
"733","Stop_1112",8.7499606,50.8012021,"node/3878229413"
"734","Stop_1113",8.753324,50.8024652,"node/3899786597"
"735","Stop_1114",8.7537193,50.8026607,"node/3899786598"
"736","Stop_1115",8.7343862,50.8112698,"node/270157596"
"737","Stop_1116",8.7410925,50.8097294,"node/1832547091"
"738","Stop_1117",8.7415154,50.8089332,"node/2481735541"
"739","Stop_1118",8.7418414,50.8091394,"node/2481735547"
"740","Stop_1119",8.7416814,50.8089677,"node/2481750441"
"741","Stop_1120",8.7418484,50.8088283,"node/2994494563"
"742","Stop_1121",8.7419032,50.8088105,"node/3861411158"
"743","Stop_1122",8.7417091,50.8089946,"node/3861411159"
"744","Stop_1123",8.7421117,50.8093482,"node/3861411167"
"745","Stop_1124",8.7476623,50.8078455,"node/2994494562"
"746","Stop_1125",8.7478746,50.8077604,"node/3861407956"
"747","Stop_1126",8.7426899,50.8104427,"node/3861411173"
"748","Stop_1127",8.7483978,50.8161161,"node/1708111903"
"749","Stop_1128",8.7484525,50.8161175,"node/3816343795"
"750","Stop_1129",8.7483449,50.8161154,"node/3816343796"
"751","Stop_1130",8.7432743,50.8154147,"node/3861411213"
"752","Stop_1131",8.75142,50.8164815,"node/1634138007"
"753","Stop_1132",8.7530387,50.8154298,"node/2474192106"
"754","Stop_1133",8.752998,50.8154751,"node/2677971374"
"755","Stop_1134",8.7511908,50.816518,"node/2677971375"
"756","Stop_1135",8.7513337,50.8165298,"node/2677971376"
"757","Stop_1136",8.7511883,50.8166388,"node/2677971378"
"758","Stop_1137",8.7511556,50.8165016,"node/3650160012"
"759","Stop_1138",8.7511535,50.8166701,"node/3816343797"
"760","Stop_1139",8.7529621,50.8155104,"node/3861411215"
"761","Stop_1140",8.7642843,50.7710285,"node/4022384696"
"762","Stop_1141",8.7642843,50.7710927,"node/4022384697"
"763","Stop_1142",8.7626126,50.7725333,"node/4073835798"
"764","Stop_1143",8.7651477,50.7749162,"node/422865683"
"765","Stop_1144",8.7651489,50.774949,"node/430378579"
"766","Stop_1145",8.7657774,50.7748231,"node/455231771"
"767","Stop_1146",8.7684104,50.7774793,"node/1831164723"
"768","Stop_1147",8.7680717,50.7775809,"node/2589244855"
"769","Stop_1148",8.7655098,50.7747204,"node/2730955354"
"770","Stop_1149",8.7674532,50.7793785,"node/2925075936"
"771","Stop_1150",8.7651499,50.7749807,"node/3569582697"
"772","Stop_1151",8.7695638,50.7789226,"node/2589244856"
"773","Stop_1152",8.7735154,50.7784629,"node/2925075934"
"774","Stop_1153",8.781698,50.776504,"node/428421643"
"775","Stop_1154",8.7650752,50.783501,"node/506291063"
"776","Stop_1155",8.7681514,50.7816091,"node/702474105"
"777","Stop_1156",8.7660601,50.7863417,"node/2074469663"
"778","Stop_1157",8.7673706,50.7862131,"node/2154583615"
"779","Stop_1158",8.7655553,50.7807363,"node/2730955363"
"780","Stop_1159",8.7673059,50.7862533,"node/3713928829"
"781","Stop_1160",8.7670863,50.7863741,"node/3713928847"
"782","Stop_1161",8.7667206,50.7865696,"node/3713928856"
"783","Stop_1162",8.7663148,50.7865779,"node/3713928858"
"784","Stop_1163",8.7665646,50.7868464,"node/3713928896"
"785","Stop_1164",8.7650692,50.7835367,"node/4022384692"
"786","Stop_1165",8.7650653,50.7835944,"node/4022384694"
"787","Stop_1166",8.7603276,50.788111,"node/454244430"
"788","Stop_1167",8.7580905,50.7884684,"node/1094571413"
"789","Stop_1168",8.759569,50.7881003,"node/1699517068"
"790","Stop_1169",8.7557352,50.7891975,"node/1831948868"
"791","Stop_1170",8.7582313,50.7884542,"node/2677967670"
"792","Stop_1171",8.7603324,50.7880024,"node/3569232127"
"793","Stop_1172",8.7599825,50.7880479,"node/3569232128"
"794","Stop_1173",8.7603842,50.7880807,"node/3569232130"
"795","Stop_1174",8.758265,50.7884196,"node/3569232158"
"796","Stop_1175",8.757756,50.7884384,"node/3569232165"
"797","Stop_1176",8.7579558,50.7885053,"node/3569232171"
"798","Stop_1177",8.7579711,50.7885337,"node/3569232174"
"799","Stop_1178",8.7581762,50.7883466,"node/3759950659"
"800","Stop_1179",8.7671697,50.7878844,"node/469995803"
"801","Stop_1180",8.7669466,50.7877689,"node/1758773350"
"802","Stop_1181",8.7667712,50.7898369,"node/1831059655"
"803","Stop_1182",8.7672321,50.7895113,"node/2524394689"
"804","Stop_1183",8.767354,50.7877107,"node/2524408872"
"805","Stop_1184",8.76706,50.7875852,"node/2677967661"
"806","Stop_1185",8.7674839,50.789361,"node/2677968839"
"807","Stop_1186",8.7666532,50.7902915,"node/2887556992"
"808","Stop_1187",8.7677204,50.789432,"node/3563173004"
"809","Stop_1188",8.7672939,50.789498,"node/3563173005"
"810","Stop_1189",8.767524,50.7895472,"node/3563173007"
"811","Stop_1190",8.7674767,50.7893258,"node/3763641588"
"812","Stop_1191",8.7677831,50.7894177,"node/3763641589"
"813","Stop_1192",8.7675323,50.7895934,"node/3763641590"
"814","Stop_1193",8.7677602,50.7904618,"node/3899396568"
"815","Stop_1194",8.7667221,50.7899957,"node/3899396569"
"816","Stop_1195",8.767725,50.7903119,"node/3899396570"
"817","Stop_1196",8.7705186,50.7813048,"node/1868477557"
"818","Stop_1197",8.7736036,50.786322,"node/2154583624"
"819","Stop_1198",8.7733488,50.7863684,"node/2154583627"
"820","Stop_1199",8.7736379,50.7863747,"node/3623267271"
"821","Stop_1200",8.7718972,50.7867867,"node/3899414742"
"822","Stop_1201",8.7730738,50.7855677,"node/3899414743"
"823","Stop_1202",8.7747599,50.7861881,"node/3899414744"
"824","Stop_1203",8.7787503,50.7855003,"node/178811063"
"825","Stop_1204",8.7788555,50.7846764,"node/403369575"
"826","Stop_1205",8.7800849,50.7852946,"node/469995794"
"827","Stop_1206",8.779035,50.7848751,"node/2154583573"
"828","Stop_1207",8.7789446,50.7849454,"node/2154583581"
"829","Stop_1208",8.7787619,50.7847663,"node/2522478081"
"830","Stop_1209",8.7791283,50.7847981,"node/2522478083"
"831","Stop_1210",8.7788111,50.7846555,"node/3623267230"
"832","Stop_1211",8.7791353,50.7846599,"node/3623267231"
"833","Stop_1212",8.7790855,50.7848969,"node/3623267234"
"834","Stop_1213",8.7790459,50.784953,"node/3623267235"
"835","Stop_1214",8.7800632,50.7853114,"node/3954149178"
"836","Stop_1215",8.7787508,50.7910907,"node/1838292308"
"837","Stop_1216",8.778094,50.7893271,"node/2925038258"
"838","Stop_1217",8.783415,50.7747242,"node/428421653"
"839","Stop_1219",8.8021073,50.7715686,"node/370854488"
"840","Stop_1220",8.7820535,50.7866581,"node/469995790"
"841","Stop_1221",8.7883386,50.7917706,"node/3627067807"
"842","Stop_1222",8.7889535,50.7916627,"node/872104965"
"843","Stop_1223",8.7609016,50.7962901,"node/550521410"
"844","Stop_1224",8.7620881,50.7989714,"node/1832464905"
"845","Stop_1225",8.7572139,50.7945383,"node/2509801889"
"846","Stop_1226",8.7569383,50.7945475,"node/2509801890"
"847","Stop_1227",8.7611537,50.7962993,"node/2510771450"
"848","Stop_1228",8.7610855,50.7964319,"node/2677968840"
"849","Stop_1229",8.760838,50.7962522,"node/2961621362"
"850","Stop_1230",8.7612221,50.7962571,"node/2961621363"
"851","Stop_1231",8.762037,50.7979223,"node/2961621387"
"852","Stop_1232",8.7620466,50.7979752,"node/2961621389"
"853","Stop_1233",8.7620199,50.7986738,"node/2961621396"
"854","Stop_1234",8.7618458,50.7989523,"node/2961621397"
"855","Stop_1235",8.7618077,50.7989987,"node/2961621398"
"856","Stop_1236",8.7621514,50.7990051,"node/2961621399"
"857","Stop_1237",8.7569237,50.7944046,"node/3563173197"
"858","Stop_1238",8.757253,50.7945556,"node/3563173199"
"859","Stop_1239",8.7569113,50.7945639,"node/3563173200"
"860","Stop_1240",8.7620522,50.7986,"node/3735006233"
"861","Stop_1241",8.7612416,50.7966086,"node/3899395943"
"862","Stop_1242",8.7613172,50.7967039,"node/3899395944"
"863","Stop_1243",8.7618748,50.795043,"node/3899396576"
"864","Stop_1244",8.7619813,50.7951505,"node/3899396577"
"865","Stop_1245",8.7574841,50.794657,"node/3899786600"
"866","Stop_1246",8.7645078,50.7967957,"node/60741877"
"867","Stop_1247",8.7659655,50.7965239,"node/60741878"
"868","Stop_1248",8.7638733,50.7964721,"node/62473807"
"869","Stop_1249",8.7621935,50.7977593,"node/1805507095"
"870","Stop_1250",8.7661676,50.7963751,"node/1831841118"
"871","Stop_1251",8.7686297,50.7969092,"node/2667719750"
"872","Stop_1252",8.7686445,50.7966845,"node/2677968844"
"873","Stop_1253",8.7633432,50.7945117,"node/2887556993"
"874","Stop_1254",8.7634256,50.7947807,"node/2900823832"
"875","Stop_1255",8.7662811,50.7964874,"node/2923728367"
"876","Stop_1256",8.7622485,50.7977943,"node/2961621381"
"877","Stop_1257",8.7623853,50.7978595,"node/2961621383"
"878","Stop_1258",8.7621638,50.7978505,"node/2961621384"
"879","Stop_1259",8.7622883,50.7980143,"node/2961621391"
"880","Stop_1260",8.7661529,50.7963474,"node/3563173220"
"881","Stop_1261",8.7658754,50.7965365,"node/3563173223"
"882","Stop_1262",8.7656949,50.7965589,"node/3563173225"
"883","Stop_1263",8.7633768,50.7949597,"node/3735006243"
"884","Stop_1264",8.7624396,50.7977985,"node/3899395939"
"885","Stop_1265",8.7624301,50.7991576,"node/3899395940"
"886","Stop_1266",8.7653377,50.7966144,"node/3899395945"
"887","Stop_1267",8.7635279,50.7949337,"node/3899396571"
"888","Stop_1268",8.7632694,50.7949698,"node/3899396572"
"889","Stop_1269",8.7631576,50.7949803,"node/3899396573"
"890","Stop_1270",8.7635148,50.7949072,"node/3899396574"
"891","Stop_1271",8.7637065,50.7951839,"node/3899396575"
"892","Stop_1272",8.7624058,50.7978364,"node/3938495652"
"893","Stop_1273",8.7593398,50.8052244,"node/310194848"
"894","Stop_1274",8.7582855,50.8046812,"node/513888398"
"895","Stop_1275",8.7581357,50.8046257,"node/513888471"
"896","Stop_1276",8.7593355,50.8021281,"node/1887321596"
"897","Stop_1277",8.7591067,50.8021957,"node/1887321598"
"898","Stop_1278",8.7592413,50.8023345,"node/1887321602"
"899","Stop_1279",8.7616243,50.8059159,"node/1912193686"
"900","Stop_1280",8.7616654,50.8059308,"node/1912193689"
"901","Stop_1281",8.7612196,50.806663,"node/1996076256"
"902","Stop_1282",8.7588478,50.8063867,"node/2018667131"
"903","Stop_1283",8.7572564,50.8015527,"node/2125642777"
"904","Stop_1284",8.7588171,50.8045319,"node/2544612945"
"905","Stop_1285",8.7589203,50.8043664,"node/2544612947"
"906","Stop_1286",8.7602829,50.8007558,"node/2677924743"
"907","Stop_1287",8.7601616,50.8009043,"node/2677924750"
"908","Stop_1288",8.7614929,50.8066528,"node/3428606308"
"909","Stop_1289",8.7589986,50.8034813,"node/3735006244"
"910","Stop_1290",8.759073,50.8048048,"node/3747642194"
"911","Stop_1291",8.7603256,50.8007037,"node/3755918421"
"912","Stop_1292",8.7601306,50.8009395,"node/3755919025"
"913","Stop_1293",8.7589104,50.8042944,"node/3755919043"
"914","Stop_1294",8.7584017,50.8047265,"node/3755919044"
"915","Stop_1295",8.7589411,50.8049682,"node/3755919045"
"916","Stop_1296",8.7594478,50.8049921,"node/3755919046"
"917","Stop_1297",8.7617005,50.8059445,"node/3764390059"
"918","Stop_1298",8.7593626,50.8020698,"node/3880427692"
"919","Stop_1299",8.7590197,50.8021651,"node/3880427693"
"920","Stop_1300",8.7592234,50.8023816,"node/3880427694"
"921","Stop_1301",8.7591143,50.8027213,"node/3880427697"
"922","Stop_1302",8.7591054,50.8027574,"node/3880427698"
"923","Stop_1303",8.7591001,50.8027824,"node/3880427699"
"924","Stop_1304",8.7598448,50.8012668,"node/3899325811"
"925","Stop_1305",8.7599755,50.801117,"node/3899325812"
"926","Stop_1306",8.7600809,50.8009975,"node/3899325814"
"927","Stop_1307",8.7599454,50.8011524,"node/3899325815"
"928","Stop_1308",8.7598172,50.8013013,"node/3899325816"
"929","Stop_1309",8.7589629,50.8038405,"node/3899325817"
"930","Stop_1310",8.7589816,50.8036745,"node/3899325818"
"931","Stop_1311",8.758949,50.8039408,"node/3899325819"
"932","Stop_1312",8.758922,50.8041502,"node/3899325820"
"933","Stop_1313",8.7582289,50.8046614,"node/3899325821"
"934","Stop_1314",8.7595469,50.8054267,"node/3899325822"
"935","Stop_1315",8.7589834,50.8049892,"node/3899325823"
"936","Stop_1316",8.7612407,50.8064998,"node/3899786593"
"937","Stop_1317",8.7610942,50.8064484,"node/3899786596"
"938","Stop_1318",8.7646136,50.8065581,"node/353041531"
"939","Stop_1319",8.7665537,50.8023273,"node/654083899"
"940","Stop_1320",8.7645509,50.8007157,"node/2395522998"
"941","Stop_1321",8.7645274,50.8006914,"node/3738168124"
"942","Stop_1322",8.7646677,50.8008312,"node/3738170525"
"943","Stop_1323",8.7645733,50.8065534,"node/3817886395"
"944","Stop_1324",8.7646625,50.8065638,"node/3817886396"
"945","Stop_1325",8.7668791,50.8067802,"node/3899099563"
"946","Stop_1326",8.76477,50.8009283,"node/3899395941"
"947","Stop_1327",8.7653772,50.8015522,"node/3899395942"
"948","Stop_1328",8.7635411,50.8063952,"node/3899785820"
"949","Stop_1329",8.7638933,50.8064578,"node/3899785821"
"950","Stop_1330",8.7716596,50.7969229,"node/1355684890"
"951","Stop_1331",8.7687972,50.7945763,"node/1831841103"
"952","Stop_1332",8.7687624,50.7950838,"node/2667767238"
"953","Stop_1333",8.7687451,50.7967787,"node/2677968845"
"954","Stop_1334",8.7720627,50.7970138,"node/2730955388"
"955","Stop_1335",8.7693698,50.7985885,"node/3563173236"
"956","Stop_1336",8.7693995,50.7986164,"node/3563173238"
"957","Stop_1337",8.7694746,50.7986734,"node/3563173240"
"958","Stop_1338",8.768778,50.7948678,"node/3573944593"
"959","Stop_1339",8.7687599,50.7951175,"node/3573944597"
"960","Stop_1340",8.7689765,50.7980658,"node/3735006236"
"961","Stop_1341",8.7692409,50.7984485,"node/3735006237"
"962","Stop_1342",8.7687514,50.7952404,"node/3899396567"
"963","Stop_1343",8.7761127,50.7982066,"node/1838100474"
"964","Stop_1344",8.7798757,50.7984528,"node/2730955398"
"965","Stop_1345",8.7717237,50.8060496,"node/94499362"
"966","Stop_1346",8.7690173,50.8059847,"node/1094996442"
"967","Stop_1347",8.7700489,50.8041618,"node/3380519900"
"968","Stop_1348",8.7700166,50.8041448,"node/3588188045"
"969","Stop_1349",8.7700707,50.8041737,"node/3588188046"
"970","Stop_1350",8.7747419,50.8003103,"node/3735006238"
"971","Stop_1351",8.7695867,50.8039299,"node/3899395937"
"972","Stop_1352",8.7696989,50.8039852,"node/3899395938"
"973","Stop_1353",8.776069,50.8007041,"node/20111061"
"974","Stop_1354",8.7777007,50.8048259,"node/158695895"
"975","Stop_1355",8.7811905,50.8056885,"node/277775251"
"976","Stop_1356",8.7774811,50.8052699,"node/828464173"
"977","Stop_1357",8.7801309,50.8062304,"node/1285459227"
"978","Stop_1358",8.7809321,50.805715,"node/1285459245"
"979","Stop_1359",8.7799634,50.8063607,"node/1285459251"
"980","Stop_1360",8.7796818,50.8063586,"node/1285459252"
"981","Stop_1361",8.7818027,50.8042246,"node/2163198667"
"982","Stop_1362",8.780041,50.8062714,"node/2484832772"
"983","Stop_1363",8.7796171,50.8062919,"node/2484832773"
"984","Stop_1364",8.7818033,50.8042482,"node/2646083672"
"985","Stop_1365",8.7813807,50.8057696,"node/2677924751"
"986","Stop_1366",8.7800922,50.8061513,"node/2677924752"
"987","Stop_1367",8.7801374,50.80619,"node/2935220530"
"988","Stop_1368",8.7795496,50.806325,"node/2935220531"
"989","Stop_1369",8.7800203,50.8064024,"node/2935220532"
"990","Stop_1370",8.7817847,50.8040923,"node/3380519899"
"991","Stop_1371",8.7759853,50.8006835,"node/3632904591"
"992","Stop_1372",8.7761055,50.8007151,"node/3632904592"
"993","Stop_1373",8.7818007,50.8041965,"node/3632904711"
"994","Stop_1374",8.7811613,50.8056154,"node/3632904715"
"995","Stop_1375",8.7808758,50.8057584,"node/3632904720"
"996","Stop_1376",8.7814265,50.805765,"node/3632904721"
"997","Stop_1377",8.7809032,50.8058526,"node/3632904724"
"998","Stop_1378",8.7757065,50.8006144,"node/3735006239"
"999","Stop_1379",8.7789915,50.8066502,"node/4232298105"
"1000","Stop_1380",8.7789713,50.8067563,"node/4232298106"
"1001","Stop_1381",8.7604117,50.8085756,"node/489329380"
"1002","Stop_1382",8.7593229,50.8119814,"node/1634138033"
"1003","Stop_1383",8.7573966,50.812064,"node/1634138067"
"1004","Stop_1384",8.7558396,50.8124365,"node/1832547236"
"1005","Stop_1385",8.761558,50.8125692,"node/2505351661"
"1006","Stop_1386",8.7574382,50.8120527,"node/3784388522"
"1007","Stop_1387",8.7573579,50.8120761,"node/3784388523"
"1008","Stop_1388",8.7585879,50.808611,"node/3894066548"
"1009","Stop_1389",8.7586451,50.8085925,"node/3924301861"
"1010","Stop_1390",8.7613243,50.8124869,"node/4235491419"
"1011","Stop_1391",8.7614184,50.8125202,"node/4235491420"
"1012","Stop_1392",8.7686596,50.8070239,"node/20111252"
"1013","Stop_1393",8.7645162,50.8074677,"node/60783136"
"1014","Stop_1394",8.7685603,50.8070085,"node/300444854"
"1015","Stop_1395",8.7635456,50.8081471,"node/1831906672"
"1016","Stop_1396",8.7629361,50.8082986,"node/1999219176"
"1017","Stop_1397",8.7679507,50.8069188,"node/2923719908"
"1018","Stop_1398",8.7687004,50.8069191,"node/2968610854"
"1019","Stop_1399",8.7686037,50.8071767,"node/3629443133"
"1020","Stop_1400",8.7679089,50.8069135,"node/3633140848"
"1021","Stop_1401",8.7684775,50.8069957,"node/3633140851"
"1022","Stop_1402",8.7665317,50.8098363,"node/3894067271"
"1023","Stop_1403",8.7666104,50.8098212,"node/3894067273"
"1024","Stop_1404",8.7644662,50.8074538,"node/3894314439"
"1025","Stop_1405",8.7645521,50.8074764,"node/3894314440"
"1026","Stop_1406",8.7684223,50.8076052,"node/3894328696"
"1027","Stop_1407",8.7666131,50.8079456,"node/3899099559"
"1028","Stop_1408",8.7668072,50.8079676,"node/3899099560"
"1029","Stop_1409",8.7671818,50.8068168,"node/3899099564"
"1030","Stop_1410",8.7674531,50.806854,"node/3899099565"
"1031","Stop_1411",8.7686135,50.8076293,"node/3899099566"
"1032","Stop_1412",8.7680045,50.8069263,"node/3899099567"
"1033","Stop_1413",8.7624257,50.8068394,"node/3899786594"
"1034","Stop_1414",8.7629463,50.8069765,"node/3899786595"
"1035","Stop_1415",8.7644941,50.8096542,"node/3924301860"
"1036","Stop_1416",8.7658431,50.8139778,"node/316692686"
"1037","Stop_1417",8.7684577,50.8159737,"node/358439800"
"1038","Stop_1418",8.7627543,50.8144984,"node/2578032986"
"1039","Stop_1419",8.7642056,50.8135028,"node/2626504116"
"1040","Stop_1420",8.7685024,50.8159995,"node/2978913843"
"1041","Stop_1421",8.764141,50.8134825,"node/3784388525"
"1042","Stop_1422",8.7642812,50.8135276,"node/3784388526"
"1043","Stop_1423",8.7644727,50.8135733,"node/3784388527"
"1044","Stop_1424",8.7643421,50.8135895,"node/3784388528"
"1045","Stop_1425",8.768593,50.8158324,"node/3892093002"
"1046","Stop_1426",8.7733682,50.8091556,"node/73872559"
"1047","Stop_1427",8.7715617,50.8110369,"node/92149563"
"1048","Stop_1428",8.7723581,50.8094052,"node/267991757"
"1049","Stop_1429",8.7725686,50.808859,"node/346256049"
"1050","Stop_1430",8.768803,50.8070419,"node/490524220"
"1051","Stop_1431",8.7740376,50.8098353,"node/1095060336"
"1052","Stop_1432",8.7719858,50.8077401,"node/1777379382"
"1053","Stop_1433",8.7717658,50.8075093,"node/1922680421"
"1054","Stop_1434",8.7717203,50.8073779,"node/1955596460"
"1055","Stop_1435",8.7735194,50.8075831,"node/1986183031"
"1056","Stop_1436",8.772352,50.8094141,"node/2366182338"
"1057","Stop_1437",8.7717381,50.8073365,"node/2901052952"
"1058","Stop_1438",8.7713942,50.8074211,"node/2901052953"
"1059","Stop_1439",8.7718126,50.807524,"node/2901052954"
"1060","Stop_1440",8.7721352,50.8076444,"node/2901052955"
"1061","Stop_1441",8.772456,50.8076777,"node/2901052956"
"1062","Stop_1442",8.7722871,50.8078376,"node/2901052957"
"1063","Stop_1443",8.7727039,50.8088206,"node/2901052958"
"1064","Stop_1444",8.7727498,50.8088572,"node/2901052959"
"1065","Stop_1445",8.7729445,50.8089667,"node/2901052962"
"1066","Stop_1446",8.7725505,50.8090183,"node/2901052964"
"1067","Stop_1447",8.7732887,50.809121,"node/2901052966"
"1068","Stop_1448",8.7734219,50.8091859,"node/2901052967"
"1069","Stop_1449",8.7739993,50.8097669,"node/2901052969"
"1070","Stop_1450",8.7740693,50.8098992,"node/2901052975"
"1071","Stop_1451",8.7719439,50.8077466,"node/2944086270"
"1072","Stop_1452",8.7688484,50.8070489,"node/3633140852"
"1073","Stop_1453",8.7692934,50.8071169,"node/3735006234"
"1074","Stop_1454",8.773024,50.8089998,"node/3735006240"
"1075","Stop_1455",8.7734738,50.8075873,"node/3759950706"
"1076","Stop_1456",8.7739527,50.8076123,"node/3759950712"
"1077","Stop_1457",8.7704485,50.8090832,"node/3894066536"
"1078","Stop_1458",8.7703748,50.8090354,"node/3894066537"
"1079","Stop_1459",8.770188,50.8072413,"node/3899099561"
"1080","Stop_1460",8.768988,50.8070721,"node/3899099562"
"1081","Stop_1461",8.7718127,50.8077535,"node/3899113088"
"1082","Stop_1462",8.774357,50.8104159,"node/3899113090"
"1083","Stop_1463",8.7744305,50.8105458,"node/3899113091"
"1084","Stop_1464",8.7726033,50.8086355,"node/3899113092"
"1085","Stop_1465",8.7708023,50.8073357,"node/3920094446"
"1086","Stop_1466",8.7757973,50.8133349,"node/73872582"
"1087","Stop_1467",8.7766984,50.8069275,"node/81567075"
"1088","Stop_1468",8.7767733,50.8077947,"node/128192216"
"1089","Stop_1469",8.7781187,50.8072053,"node/299983623"
"1090","Stop_1470",8.7765476,50.807522,"node/300291275"
"1091","Stop_1471",8.7802887,50.8078285,"node/311975139"
"1092","Stop_1472",8.7795405,50.812722,"node/314898393"
"1093","Stop_1473",8.78069,50.8077519,"node/336254346"
"1094","Stop_1474",8.7757319,50.80783,"node/345602535"
"1095","Stop_1475",8.7789552,50.8100926,"node/1644195251"
"1096","Stop_1476",8.7758379,50.8132602,"node/2298768639"
"1097","Stop_1477",8.7764626,50.8073014,"node/2344904472"
"1098","Stop_1478",8.7769662,50.8075167,"node/2484832785"
"1099","Stop_1479",8.776664,50.8075087,"node/2484832786"
"1100","Stop_1480",8.7770173,50.8075987,"node/2484832789"
"1101","Stop_1481",8.7757036,50.8077338,"node/2484832793"
"1102","Stop_1482",8.7778041,50.8072577,"node/2935220538"
"1103","Stop_1483",8.7766521,50.8074742,"node/2935220540"
"1104","Stop_1484",8.7770885,50.8075815,"node/2935220541"
"1105","Stop_1485",8.7765702,50.8076032,"node/2935220542"
"1106","Stop_1486",8.7754376,50.8077714,"node/2935220543"
"1107","Stop_1487",8.775782,50.8078227,"node/2935220544"
"1108","Stop_1488",8.7767936,50.8078516,"node/2935220545"
"1109","Stop_1489",8.7795976,50.8126954,"node/3139618419"
"1110","Stop_1490",8.7794761,50.8127519,"node/3139618420"
"1111","Stop_1491",8.7780533,50.8081113,"node/3340239127"
"1112","Stop_1492",8.7759796,50.8077986,"node/3735567220"
"1113","Stop_1493",8.7753125,50.8122222,"node/3811911076"
"1114","Stop_1494",8.7753234,50.8122416,"node/3811911078"
"1115","Stop_1495",8.7753507,50.8122966,"node/3811911081"
"1116","Stop_1496",8.7753569,50.812312,"node/3811911082"
"1117","Stop_1497",8.7755739,50.807754,"node/3899113089"
"1118","Stop_1498",8.7765669,50.8072721,"node/3899786586"
"1119","Stop_1499",8.7800513,50.8124893,"node/3924301862"
"1120","Stop_1500",8.779955,50.8125306,"node/3924301863"
"1121","Stop_1501",8.7807209,50.808805,"node/3924301868"
"1122","Stop_1502",8.7777721,50.8072692,"node/3938495653"
"1123","Stop_1503",8.7741948,50.8189919,"node/279034185"
"1124","Stop_1504",8.7739666,50.8190045,"node/279035141"
"1125","Stop_1505",8.7690467,50.8146237,"node/305724796"
"1126","Stop_1506",8.7692498,50.8145019,"node/305724798"
"1127","Stop_1507",8.7743427,50.8137235,"node/316691790"
"1128","Stop_1508",8.7692827,50.8146079,"node/345123805"
"1129","Stop_1509",8.7691177,50.8162888,"node/552415590"
"1130","Stop_1510",8.7696604,50.8144881,"node/1105473668"
"1131","Stop_1511",8.7730688,50.8140206,"node/1699517423"
"1132","Stop_1512",8.7729099,50.818536,"node/2263112418"
"1133","Stop_1513",8.7742058,50.8189768,"node/2298829669"
"1134","Stop_1514",8.7691713,50.8163158,"node/2298845301"
"1135","Stop_1515",8.77289,50.8149723,"node/2341008788"
"1136","Stop_1516",8.7697789,50.814015,"node/2480534495"
"1137","Stop_1517",8.7697667,50.8140337,"node/2480534498"
"1138","Stop_1518",8.770913,50.8169968,"node/2978913874"
"1139","Stop_1519",8.7708696,50.8170303,"node/2978913878"
"1140","Stop_1520",8.7706283,50.8170596,"node/2978913879"
"1141","Stop_1521",8.7708521,50.8171728,"node/2978913885"
"1142","Stop_1522",8.7708837,50.8171888,"node/2978913888"
"1143","Stop_1523",8.7708767,50.8145653,"node/3138329112"
"1144","Stop_1524",8.7735903,50.8185435,"node/3413950617"
"1145","Stop_1525",8.7733814,50.8187214,"node/3413950618"
"1146","Stop_1526",8.7732952,50.8186791,"node/3661249842"
"1147","Stop_1527",8.7730202,50.8182012,"node/3728901472"
"1148","Stop_1528",8.7730779,50.8182239,"node/3728901473"
"1149","Stop_1529",8.7741868,50.8190013,"node/3730283259"
"1150","Stop_1530",8.7739587,50.8187338,"node/3734610440"
"1151","Stop_1531",8.7712406,50.8144803,"node/3735006232"
"1152","Stop_1532",8.7736941,50.8185971,"node/3735006235"
"1153","Stop_1533",8.7729923,50.8140415,"node/3752060553"
"1154","Stop_1534",8.7725322,50.8141678,"node/3752060555"
"1155","Stop_1535",8.7728199,50.8142101,"node/3752060556"
"1156","Stop_1536",8.7728307,50.8142763,"node/3752060557"
"1157","Stop_1537",8.7725707,50.8141566,"node/3753142556"
"1158","Stop_1538",8.7728817,50.8148767,"node/3753142557"
"1159","Stop_1539",8.7728934,50.8150126,"node/3753142558"
"1160","Stop_1540",8.7697294,50.8144925,"node/3784388535"
"1161","Stop_1541",8.769204,50.8145053,"node/3784388536"
"1162","Stop_1542",8.7692625,50.814624,"node/3784388540"
"1163","Stop_1543",8.769089,50.8146542,"node/3784388541"
"1164","Stop_1544",8.7728601,50.8181892,"node/3857771844"
"1165","Stop_1545",8.7730946,50.8182099,"node/3857771848"
"1166","Stop_1546",8.7736616,50.8138834,"node/3892093000"
"1167","Stop_1547",8.7715621,50.8144007,"node/3892093001"
"1168","Stop_1548",8.7692584,50.8137483,"node/3894067274"
"1169","Stop_1549",8.7733925,50.8184423,"node/3922571234"
"1170","Stop_1550",8.7736639,50.8188613,"node/3922571235"
"1171","Stop_1551",8.774324,50.8174239,"node/3922955456"
"1172","Stop_1552",8.7779352,50.8192577,"node/2589244857"
"1173","Stop_1553",8.778042,50.8190178,"node/3734990607"
"1174","Stop_1554",8.7779529,50.8192094,"node/3734990611"
"1175","Stop_1555",8.7779152,50.8193041,"node/3734990613"
"1176","Stop_1556",8.7756673,50.8133901,"node/3811748590"
"1177","Stop_1557",8.7766037,50.8157691,"node/3922956557"
"1178","Stop_1558",8.7783498,50.8193502,"node/3922962731"
"1179","Stop_1559",8.7777985,50.8195898,"node/3922962732"
"1180","Stop_1560",8.7823812,50.798723,"node/2730955401"
"1181","Stop_1561",8.7847914,50.7990312,"node/2730955404"
"1182","Stop_1562",8.7892066,50.799621,"node/358434155"
"1183","Stop_1563",8.7898907,50.7957556,"node/1080698028"
"1184","Stop_1564",8.7894862,50.7996614,"node/1699401619"
"1185","Stop_1565",8.790984,50.7963943,"node/1833672963"
"1186","Stop_1566",8.7893655,50.7998845,"node/2524489921"
"1187","Stop_1567",8.78938,50.7998565,"node/3632904589"
"1188","Stop_1568",8.7914543,50.8001863,"node/4235460949"
"1189","Stop_1569",8.7831604,50.8056346,"node/277776981"
"1190","Stop_1570",8.7830511,50.8058829,"node/1830988879"
"1191","Stop_1571",8.7827002,50.8057219,"node/2371396698"
"1192","Stop_1572",8.7830755,50.8056538,"node/3632904716"
"1193","Stop_1573",8.7825535,50.8057341,"node/3632904718"
"1194","Stop_1574",8.7830181,50.8058321,"node/3632904723"
"1195","Stop_1575",8.805529,50.8045993,"node/4235460948"
"1196","Stop_1576",8.7830881,50.8141247,"node/180556151"
"1197","Stop_1577",8.8076277,50.8119166,"node/3891520297"
"1198","Stop_1578",8.8056779,50.8167829,"node/308461835"
"1199","Stop_1579",8.8056781,50.8165649,"node/308461836"
"1200","Stop_1580",8.8056549,50.8163655,"node/3899415046"
"1201","Stop_1581",8.7111814,50.8281208,"node/2359381230"
"1202","Stop_1582",8.7156766,50.8306844,"node/2654846122"
"1203","Stop_1583",8.7113161,50.8282058,"node/3043532562"
"1204","Stop_1584",8.7157738,50.8422156,"node/3749642405"
"1205","Stop_1585",8.7158668,50.8421314,"node/3898608180"
"1206","Stop_1586",8.7463209,50.8208745,"node/2995435670"
"1207","Stop_1587",8.748954,50.8204299,"node/3861411231"
"1208","Stop_1588",8.7457562,50.8394844,"node/315560805"
"1209","Stop_1589",8.7552228,50.8358186,"node/2546061242"
"1210","Stop_1593",8.7620038,50.8319428,"node/2338422248"
"1211","Stop_1594",8.7621224,50.8319957,"node/3726146573"
"1212","Stop_1595",8.7622266,50.8318728,"node/523079063"
"1213","Stop_1596",8.7671345,50.8270772,"node/2446789567"
"1214","Stop_1597",8.766931,50.8300092,"node/2484763281"
"1215","Stop_1598",8.7683792,50.8306213,"node/2923514565"
"1216","Stop_1599",8.7686808,50.8306345,"node/2996176590"
"1217","Stop_1600",8.7622408,50.8318357,"node/3731924647"
"1218","Stop_1601",8.7622144,50.8319134,"node/3731924648"
"1219","Stop_1602",8.7711778,50.820541,"node/269140742"
"1220","Stop_1603",8.7692974,50.8256972,"node/1831853809"
"1221","Stop_1604",8.7716652,50.8259287,"node/2314957397"
"1222","Stop_1605",8.7722925,50.8202044,"node/2314957449"
"1223","Stop_1606",8.7724067,50.8215328,"node/2314957457"
"1224","Stop_1607",8.7723961,50.8216372,"node/2314957458"
"1225","Stop_1608",8.7698151,50.8258566,"node/2371404404"
"1226","Stop_1609",8.7695103,50.8259328,"node/2524597576"
"1227","Stop_1610",8.7695788,50.8256553,"node/2524597584"
"1228","Stop_1611",8.7695512,50.8256933,"node/2923514590"
"1229","Stop_1612",8.7697287,50.8258441,"node/2996104077"
"1230","Stop_1613",8.7716787,50.8258737,"node/2996104079"
"1231","Stop_1614",8.7695236,50.8258903,"node/2996104080"
"1232","Stop_1615",8.7714002,50.8260083,"node/2996104088"
"1233","Stop_1616",8.7714602,50.8260117,"node/2996104089"
"1234","Stop_1617",8.7716261,50.826207,"node/2996104103"
"1235","Stop_1618",8.7715175,50.8262128,"node/2996104105"
"1236","Stop_1619",8.7731865,50.8203189,"node/3732072054"
"1237","Stop_1620",8.7731692,50.8203457,"node/3732072055"
"1238","Stop_1621",8.7729621,50.820384,"node/3732072056"
"1239","Stop_1622",8.7730121,50.820398,"node/3732072057"
"1240","Stop_1623",8.7730654,50.8204948,"node/3732072058"
"1241","Stop_1624",8.7725752,50.8214941,"node/3732072080"
"1242","Stop_1625",8.7725678,50.8215224,"node/3732072082"
"1243","Stop_1626",8.7723621,50.8215354,"node/3732072083"
"1244","Stop_1627",8.7725343,50.8217238,"node/3732072086"
"1245","Stop_1628",8.7721571,50.8233337,"node/3732072089"
"1246","Stop_1629",8.7717318,50.8256057,"node/3735006241"
"1247","Stop_1630",8.7716992,50.82577,"node/3735006242"
"1248","Stop_1631",8.7747935,50.8233044,"node/4109906218"
"1249","Stop_1632",8.7747881,50.823323,"node/4109906219"
"1250","Stop_1633",8.7747834,50.8233349,"node/4109906220"
"1251","Stop_1634",8.7747186,50.8281414,"node/114666891"
"1252","Stop_1635",8.7729836,50.8284931,"node/310923605"
"1253","Stop_1636",8.7731034,50.8281713,"node/1758773554"
"1254","Stop_1637",8.7733533,50.8281656,"node/2341130036"
"1255","Stop_1638",8.7749628,50.8283131,"node/2887632554"
"1256","Stop_1639",8.7688483,50.8296705,"node/2923514591"
"1257","Stop_1640",8.7727686,50.8283624,"node/3138331270"
"1258","Stop_1641",8.7729285,50.828399,"node/3138331271"
"1259","Stop_1642",8.7726499,50.828406,"node/3138331273"
"1260","Stop_1643",8.7730323,50.8284655,"node/3138331275"
"1261","Stop_1644",8.7728689,50.8286921,"node/3138331277"
"1262","Stop_1645",8.7728988,50.8287532,"node/3138331279"
"1263","Stop_1646",8.7730586,50.8281393,"node/3734990621"
"1264","Stop_1647",8.775678,50.82894,"node/319251260"
"1265","Stop_1648",8.7599274,50.8366498,"node/311833408"
"1266","Stop_1649",8.7616688,50.8385292,"node/508461391"
"1267","Stop_1650",8.7605852,50.8378501,"node/1094996385"
"1268","Stop_1651",8.7604458,50.8375571,"node/1094996404"
"1269","Stop_1652",8.7601325,50.8364349,"node/1833651433"
"1270","Stop_1653",8.7601744,50.8378223,"node/2320761322"
"1271","Stop_1654",8.7567834,50.8360679,"node/2677924754"
"1272","Stop_1655",8.760042,50.8366428,"node/3912178321"
"1273","Stop_1656",8.7604309,50.8376146,"node/3912178324"
"1274","Stop_1657",8.7602568,50.8377862,"node/3912178325"
"1275","Stop_1658",8.7605204,50.8378078,"node/3912178326"
"1276","Stop_1659",8.7675701,50.8415121,"node/310915858"
"1277","Stop_1660",8.7680485,50.8405791,"node/1696009840"
"1278","Stop_1661",8.7661894,50.8401238,"node/1833651467"
"1279","Stop_1662",8.7677771,50.8406172,"node/2895465100"
"1280","Stop_1663",8.7677271,50.8406242,"node/2895465101"
"1281","Stop_1664",8.7679673,50.8406716,"node/2895465103"
"1282","Stop_1665",8.767659,50.8406866,"node/2895465105"
"1283","Stop_1666",8.7679541,50.8406958,"node/2895465106"
"1284","Stop_1667",8.7677086,50.8407123,"node/2895465107"
"1285","Stop_1668",8.7680017,50.8408621,"node/2895465110"
"1286","Stop_1669",8.7677162,50.8408677,"node/2895465111"
"1287","Stop_1670",8.7680353,50.8408802,"node/2895465112"
"1288","Stop_1671",8.767685,50.8408989,"node/2895465113"
"1289","Stop_1672",8.76798,50.8409661,"node/2895465117"
"1290","Stop_1673",8.7679449,50.8409685,"node/2895465119"
"1291","Stop_1674",8.7676226,50.8410941,"node/2895465123"
"1292","Stop_1676",8.7698228,50.8376159,"node/1833651439"
"1293","Stop_1677",8.7698157,50.8384411,"node/2341130016"
"1294","Stop_1678",8.7735263,50.8387109,"node/2371405859"
"1295","Stop_1679",8.7692961,50.839513,"node/3947704895"
"1296","Stop_1680",8.7690853,50.8395446,"node/3947704896"
"1297","Stop_1681",8.7720194,50.8399696,"node/65777627"
"1298","Stop_1684",8.7700051,50.8434716,"node/2895465136"
"1299","Stop_1685",8.77019,50.8435182,"node/2895465139"
"1300","Stop_1687",8.7691524,50.839668,"node/3947704898"
"1301","Stop_1688",8.7854488,50.8200945,"node/520397339"
"1302","Stop_1692",8.809464,50.7731689,"node/1699452220"
"1303","Stop_1697",8.8087284,50.7985509,"node/3844330498"
"1304","Stop_1698",8.8085112,50.7985656,"node/3844330499"
"1305","Stop_1699",8.8092854,50.8175877,"node/3024546741"
"1306","Stop_1700",8.8097212,50.8176114,"node/3024546742"
"1307","Stop_1701",8.8089037,50.8173899,"node/3843618319"
"1308","Stop_1702",8.8089689,50.8176211,"node/3843618324"
